Date,State,Confirmed,Recovered,Deceased,Migrated,Tested,cases_daily,tested_daily
2020-03-12,Andhra Pradesh,1,0,0,0,NA,NA,NA
2020-03-13,Andhra Pradesh,1,0,0,0,NA,0,NA
2020-03-14,Andhra Pradesh,1,0,0,0,NA,0,NA
2020-03-15,Andhra Pradesh,1,0,0,0,NA,0,NA
2020-03-16,Andhra Pradesh,1,0,0,0,NA,0,NA
2020-03-17,Andhra Pradesh,1,0,0,0,NA,0,NA
2020-03-18,Andhra Pradesh,1,0,0,0,NA,0,NA
2020-03-19,Andhra Pradesh,3,0,0,0,NA,2,NA
2020-03-20,Andhra Pradesh,3,0,0,0,NA,0,NA
2020-03-21,Andhra Pradesh,5,0,0,0,NA,2,NA
2020-03-22,Andhra Pradesh,6,0,0,0,NA,1,NA
2020-03-23,Andhra Pradesh,7,0,0,0,NA,1,NA
2020-03-24,Andhra Pradesh,8,0,0,0,NA,1,NA
2020-03-25,Andhra Pradesh,10,0,0,0,NA,2,NA
2020-03-26,Andhra Pradesh,11,0,0,0,NA,1,NA
2020-03-27,Andhra Pradesh,13,0,0,0,NA,2,NA
2020-03-28,Andhra Pradesh,19,0,0,0,NA,6,NA
2020-03-29,Andhra Pradesh,21,1,0,0,NA,2,NA
2020-03-30,Andhra Pradesh,23,1,0,0,NA,2,NA
2020-03-31,Andhra Pradesh,44,1,0,0,NA,21,NA
2020-04-01,Andhra Pradesh,111,2,0,0,NA,67,NA
2020-04-02,Andhra Pradesh,149,2,0,0,1800,38,NA
2020-04-03,Andhra Pradesh,164,2,1,0,1800,15,0
2020-04-04,Andhra Pradesh,192,2,1,0,1800,28,0
2020-04-05,Andhra Pradesh,256,5,1,0,1800,64,0
2020-04-06,Andhra Pradesh,303,5,3,0,1800,47,0
2020-04-07,Andhra Pradesh,314,5,4,0,1800,11,0
2020-04-08,Andhra Pradesh,348,6,4,0,1800,34,0
2020-04-09,Andhra Pradesh,363,10,6,0,1800,15,0
2020-04-10,Andhra Pradesh,381,10,6,0,6374,18,4574
2020-04-11,Andhra Pradesh,405,10,6,0,6958,24,584
2020-04-12,Andhra Pradesh,420,12,7,0,6958,15,0
2020-04-13,Andhra Pradesh,439,12,7,0,8755,19,1797
2020-04-14,Andhra Pradesh,484,16,11,0,10505,45,1750
2020-04-15,Andhra Pradesh,525,20,14,0,11613,41,1108
2020-04-16,Andhra Pradesh,534,20,14,0,20235,9,8622
2020-04-17,Andhra Pradesh,572,35,14,0,20235,38,0
2020-04-18,Andhra Pradesh,603,42,16,0,21450,31,1215
2020-04-19,Andhra Pradesh,647,65,17,0,26958,44,5508
2020-04-20,Andhra Pradesh,722,92,20,0,30733,75,3775
2020-04-21,Andhra Pradesh,757,96,22,0,35755,35,5022
2020-04-22,Andhra Pradesh,813,120,24,0,41512,56,5757
2020-04-23,Andhra Pradesh,893,141,27,0,48032,80,6520
2020-04-24,Andhra Pradesh,955,145,29,0,54338,62,6306
2020-04-25,Andhra Pradesh,1016,171,31,0,61266,61,6928
2020-04-26,Andhra Pradesh,1097,231,31,0,68034,81,6768
2020-04-27,Andhra Pradesh,1177,235,31,0,74551,80,6517
2020-04-28,Andhra Pradesh,1259,258,31,0,80334,82,5783
2020-04-29,Andhra Pradesh,1332,287,31,0,88061,73,7727
2020-04-30,Andhra Pradesh,1403,321,31,0,94558,71,6497
2020-05-01,Andhra Pradesh,1463,403,33,0,102460,60,7902
2020-05-02,Andhra Pradesh,1525,441,33,0,108403,62,5943
2020-05-03,Andhra Pradesh,1583,488,33,0,114937,58,6534
2020-05-04,Andhra Pradesh,1650,524,33,0,125229,67,10292
2020-05-05,Andhra Pradesh,1717,589,34,0,133492,67,8263
2020-05-06,Andhra Pradesh,1777,729,36,0,141274,60,7782
2020-05-07,Andhra Pradesh,1833,780,38,0,149361,56,8087
2020-05-08,Andhra Pradesh,1887,842,41,0,156681,54,7320
2020-05-09,Andhra Pradesh,1930,887,44,0,165069,43,8388
2020-05-10,Andhra Pradesh,1980,925,45,0,173735,50,8666
2020-05-11,Andhra Pradesh,2018,998,45,0,181144,38,7409
2020-05-12,Andhra Pradesh,2089,1056,46,0,191874,71,10730
2020-05-13,Andhra Pradesh,2137,1142,47,0,201196,48,9322
2020-05-14,Andhra Pradesh,2205,1192,48,0,210452,68,9256
2020-05-15,Andhra Pradesh,2307,1252,48,0,219490,102,9038
2020-05-16,Andhra Pradesh,2355,1353,49,0,219490,48,0
2020-05-17,Andhra Pradesh,2380,1456,50,0,238998,25,19508
2020-05-18,Andhra Pradesh,2432,1552,50,0,248771,52,9773
2020-05-19,Andhra Pradesh,2489,1621,52,0,258450,57,9679
2020-05-20,Andhra Pradesh,2560,1664,53,0,267612,71,9162
2020-05-21,Andhra Pradesh,2605,1705,54,0,275704,45,8092
2020-05-22,Andhra Pradesh,2667,1731,55,0,284119,62,8415
2020-05-23,Andhra Pradesh,2714,1779,56,0,292969,47,8850
2020-05-24,Andhra Pradesh,2780,1841,56,0,304326,66,11357
2020-05-25,Andhra Pradesh,2886,1892,56,0,314566,106,10240
2020-05-26,Andhra Pradesh,2983,2017,57,0,322714,97,8148
2020-05-27,Andhra Pradesh,3117,2065,58,0,332378,134,9664
2020-05-28,Andhra Pradesh,3245,2133,59,0,342236,128,9858
2020-05-29,Andhra Pradesh,3330,2234,60,0,353874,85,11638
2020-05-30,Andhra Pradesh,3461,2289,60,0,363378,131,9504
2020-05-31,Andhra Pradesh,3571,2340,62,0,372748,110,9370
2020-06-01,Andhra Pradesh,3676,2374,64,0,383315,105,10567
2020-06-02,Andhra Pradesh,3791,2414,64,0,395681,115,12366
2020-06-03,Andhra Pradesh,3971,2464,68,0,403747,180,8066
2020-06-04,Andhra Pradesh,4112,2529,71,0,413733,141,9986
2020-06-05,Andhra Pradesh,4250,2565,73,0,423564,138,9831
2020-06-06,Andhra Pradesh,4460,2640,73,0,436335,210,12771
2020-06-07,Andhra Pradesh,4659,2669,75,0,454030,199,17695
2020-06-08,Andhra Pradesh,4813,2711,75,0,468276,154,14246
2020-06-09,Andhra Pradesh,4882,2759,77,0,483361,69,15085
2020-06-10,Andhra Pradesh,5247,2869,78,0,498716,365,15355
2020-06-11,Andhra Pradesh,5429,2968,80,0,510318,182,11602
2020-06-12,Andhra Pradesh,5636,3091,80,0,522093,207,11775
2020-06-13,Andhra Pradesh,5858,3185,82,0,536570,222,14477
2020-06-14,Andhra Pradesh,6152,3316,84,0,552202,294,15632
2020-06-15,Andhra Pradesh,6456,3385,86,0,567375,304,15173
2020-06-16,Andhra Pradesh,6720,3513,88,0,583286,264,15911
2020-06-17,Andhra Pradesh,7071,3641,90,0,598474,351,15188
2020-06-18,Andhra Pradesh,7496,3772,92,0,612397,425,13923
2020-06-19,Andhra Pradesh,7961,3905,96,0,630006,465,17609
2020-06-20,Andhra Pradesh,8452,4111,101,0,652377,491,22371
2020-06-21,Andhra Pradesh,8929,4307,106,0,676828,477,24451
2020-06-22,Andhra Pradesh,9372,4435,111,0,693548,443,16720
2020-06-23,Andhra Pradesh,9834,4592,119,0,714187,462,20639
2020-06-24,Andhra Pradesh,10331,4779,129,0,750234,497,36047
2020-06-25,Andhra Pradesh,10884,4988,136,0,769319,553,19085
2020-06-26,Andhra Pradesh,11489,5196,146,0,791624,605,22305
2020-06-27,Andhra Pradesh,12285,5480,157,0,816082,796,24458
2020-06-28,Andhra Pradesh,13098,5908,169,0,841860,813,25778
2020-06-29,Andhra Pradesh,13891,6232,180,0,872076,793,30216
2020-06-30,Andhra Pradesh,14595,6511,187,0,890190,704,18114
2020-07-01,Andhra Pradesh,15252,6988,193,0,918429,657,28239
2020-07-02,Andhra Pradesh,16097,7313,198,0,932713,845,14284
2020-07-03,Andhra Pradesh,16934,7632,206,0,971611,837,38898
2020-07-04,Andhra Pradesh,17699,8008,218,0,996573,765,24962
2020-07-05,Andhra Pradesh,18697,8422,232,0,1017140,998,20567
2020-07-06,Andhra Pradesh,20019,8920,239,0,1033852,1322,16712
2020-07-07,Andhra Pradesh,21197,9745,252,0,1050090,1178,16238
2020-07-08,Andhra Pradesh,22259,11101,264,0,1077733,1062,27643
2020-07-09,Andhra Pradesh,23814,12154,277,0,1094615,1555,16882
2020-07-10,Andhra Pradesh,25422,13194,292,0,1115635,1608,21020
2020-07-11,Andhra Pradesh,27235,14393,309,0,1136225,1813,20590
2020-07-12,Andhra Pradesh,29168,15412,328,0,1153849,1933,17624
2020-07-13,Andhra Pradesh,31103,16464,365,0,1173096,1935,19247
2020-07-14,Andhra Pradesh,33019,17467,408,0,1195766,1916,22670
2020-07-15,Andhra Pradesh,35451,18378,452,0,1217963,2432,22197
2020-07-16,Andhra Pradesh,38044,19393,492,0,1240267,2593,22304
2020-07-17,Andhra Pradesh,40646,20298,534,0,1260512,2602,20245
2020-07-18,Andhra Pradesh,44609,21763,586,0,1284384,3963,23872
2020-07-19,Andhra Pradesh,49650,22890,642,0,1315532,5041,31148
2020-07-20,Andhra Pradesh,53724,24228,696,0,1349112,4074,33580
2020-07-21,Andhra Pradesh,58668,25574,758,0,1386274,4944,37162
2020-07-22,Andhra Pradesh,64713,32127,823,0,1435827,6045,49553
2020-07-23,Andhra Pradesh,72711,37555,884,0,1493879,7998,58052
2020-07-24,Andhra Pradesh,72711,37555,884,0,1493879,0,0
2020-03-02,Delhi,1,0,0,0,NA,NA,NA
2020-03-03,Delhi,1,0,0,0,NA,0,NA
2020-03-04,Delhi,1,0,0,0,NA,0,NA
2020-03-05,Delhi,2,0,0,0,NA,1,NA
2020-03-06,Delhi,3,0,0,0,NA,1,NA
2020-03-07,Delhi,3,0,0,0,NA,0,NA
2020-03-08,Delhi,3,0,0,0,NA,0,NA
2020-03-09,Delhi,4,0,0,0,NA,1,NA
2020-03-10,Delhi,4,0,0,0,NA,0,NA
2020-03-11,Delhi,5,0,0,0,NA,1,NA
2020-03-12,Delhi,6,0,0,0,NA,1,NA
2020-03-13,Delhi,7,0,0,0,NA,1,NA
2020-03-14,Delhi,7,0,0,0,NA,0,NA
2020-03-15,Delhi,7,0,0,0,NA,0,NA
2020-03-16,Delhi,7,0,0,0,NA,0,NA
2020-03-17,Delhi,10,0,0,0,NA,3,NA
2020-03-18,Delhi,11,0,0,0,NA,1,NA
2020-03-19,Delhi,14,0,0,0,NA,3,NA
2020-03-20,Delhi,20,0,0,0,NA,6,NA
2020-03-21,Delhi,27,0,0,0,NA,7,NA
2020-03-22,Delhi,28,0,0,0,NA,1,NA
2020-03-23,Delhi,30,0,0,0,NA,2,NA
2020-03-24,Delhi,30,0,0,0,NA,0,NA
2020-03-25,Delhi,35,0,0,0,NA,5,NA
2020-03-26,Delhi,39,0,0,0,NA,4,NA
2020-03-27,Delhi,40,0,0,0,NA,1,NA
2020-03-28,Delhi,49,0,0,0,NA,9,NA
2020-03-29,Delhi,72,6,2,0,NA,23,NA
2020-03-30,Delhi,97,6,2,0,NA,25,NA
2020-03-31,Delhi,120,6,2,0,NA,23,NA
2020-04-01,Delhi,152,6,2,0,2621,32,NA
2020-04-02,Delhi,293,8,4,0,2621,141,0
2020-04-03,Delhi,386,8,6,0,2621,93,0
2020-04-04,Delhi,445,16,6,0,2621,59,0
2020-04-05,Delhi,503,16,7,0,2621,58,0
2020-04-06,Delhi,525,16,7,0,2621,22,0
2020-04-07,Delhi,576,20,9,0,9041,51,6420
2020-04-08,Delhi,669,21,9,0,9041,93,0
2020-04-09,Delhi,720,25,12,0,9968,51,927
2020-04-10,Delhi,903,27,14,0,11061,183,1093
2020-04-11,Delhi,1069,27,19,0,11709,166,648
2020-04-12,Delhi,1154,28,24,0,14036,85,2327
2020-04-13,Delhi,1510,31,28,0,15032,356,996
2020-04-14,Delhi,1561,31,30,0,16282,51,1250
2020-04-15,Delhi,1578,41,32,0,16605,17,323
2020-04-16,Delhi,1640,52,38,0,18784,62,2179
2020-04-17,Delhi,1707,72,42,0,21409,67,2625
2020-04-18,Delhi,1893,207,43,0,22283,186,874
2020-04-19,Delhi,2003,290,45,0,24387,110,2104
2020-04-20,Delhi,2081,431,47,0,25900,78,1513
2020-04-21,Delhi,2156,611,47,0,26627,75,727
2020-04-22,Delhi,2248,724,48,0,28309,92,1682
2020-04-23,Delhi,2376,808,50,0,30560,128,2251
2020-04-24,Delhi,2514,857,53,0,33672,138,3112
2020-04-25,Delhi,2625,869,54,0,35519,111,1847
2020-04-26,Delhi,2918,877,54,0,37613,293,2094
2020-04-27,Delhi,3108,877,54,0,39911,190,2298
2020-04-28,Delhi,3314,1078,54,0,43370,206,3459
2020-04-29,Delhi,3439,1092,56,0,47225,125,3855
2020-04-30,Delhi,3515,1094,59,0,47225,76,0
2020-05-01,Delhi,3738,1167,61,0,47225,223,0
2020-05-02,Delhi,4122,1256,64,0,58210,384,10985
2020-05-03,Delhi,4549,1362,64,0,60246,427,2036
2020-05-04,Delhi,4898,1431,64,0,64108,349,3862
2020-05-05,Delhi,5104,1468,64,0,67852,206,3744
2020-05-06,Delhi,5532,1542,65,0,71934,428,4082
2020-05-07,Delhi,5980,1931,66,0,77234,448,5300
2020-05-08,Delhi,6318,2020,68,0,81367,338,4133
2020-05-09,Delhi,6542,2020,68,0,84226,224,2859
2020-05-10,Delhi,6923,2069,73,0,93810,381,9584
2020-05-11,Delhi,7233,2129,73,0,97678,310,3868
2020-05-12,Delhi,7639,2512,86,0,106109,406,8431
2020-05-13,Delhi,7998,2858,106,0,113345,359,7236
2020-05-14,Delhi,8470,3045,115,0,119736,472,6391
2020-05-15,Delhi,8895,3518,123,0,125189,425,5453
2020-05-16,Delhi,9333,3926,129,0,130845,438,5656
2020-05-17,Delhi,9755,4202,148,0,135791,422,4946
2020-05-18,Delhi,10054,4485,160,0,139727,299,3936
2020-05-19,Delhi,10554,4750,166,0,145854,500,6127
2020-05-20,Delhi,11088,5192,176,0,150282,534,4428
2020-05-21,Delhi,11659,5567,194,0,154385,571,4103
2020-05-22,Delhi,12319,5897,208,0,160255,660,5870
2020-05-23,Delhi,12910,6267,231,0,165047,591,4792
2020-05-24,Delhi,13418,6540,261,0,169873,508,4826
2020-05-25,Delhi,14053,6771,276,0,174469,635,4596
2020-05-26,Delhi,14465,6954,288,0,178579,412,4110
2020-05-27,Delhi,15257,7264,303,0,184362,792,5783
2020-05-28,Delhi,16281,7495,316,0,191977,1024,7615
2020-05-29,Delhi,17386,7846,398,0,199626,1105,7649
2020-05-30,Delhi,18549,8075,416,0,206739,1163,7113
2020-05-31,Delhi,19844,8478,473,0,212784,1295,6045
2020-06-01,Delhi,20834,8746,523,0,217537,990,4753
2020-06-02,Delhi,22132,9243,556,0,223607,1298,6070
2020-06-03,Delhi,23645,9542,615,0,230145,1513,6538
2020-06-04,Delhi,25004,9898,659,0,236506,1359,6361
2020-06-05,Delhi,26334,10315,708,0,241693,1330,5187
2020-06-06,Delhi,27654,10664,761,0,246873,1320,5180
2020-06-07,Delhi,28936,10999,812,0,251915,1282,5042
2020-06-08,Delhi,29943,11357,874,0,255615,1007,3700
2020-06-09,Delhi,31309,11861,905,0,261079,1366,5464
2020-06-10,Delhi,32810,12245,984,0,266156,1501,5077
2020-06-11,Delhi,34687,12731,1085,0,271516,1877,5360
2020-06-12,Delhi,36824,13398,1214,0,277463,2137,5947
2020-06-13,Delhi,38958,14945,1271,0,283239,2134,5776
2020-06-14,Delhi,41182,15823,1327,0,290592,2224,7353
2020-06-15,Delhi,42829,16427,1400,0,296697,1647,6105
2020-06-16,Delhi,44688,16500,1837,0,304483,1859,7786
2020-06-17,Delhi,47102,17457,1904,0,312576,2414,8093
2020-06-18,Delhi,49979,21341,1969,0,321302,2877,8726
2020-06-19,Delhi,53116,23569,2035,0,334376,3137,13074
2020-06-20,Delhi,56746,31294,2112,0,351909,3630,17533
2020-06-21,Delhi,59746,33013,2175,0,370014,3000,18105
2020-06-22,Delhi,62655,36602,2233,0,384696,2909,14682
2020-06-23,Delhi,66602,39313,2301,0,401648,3947,16952
2020-06-24,Delhi,70390,41437,2365,0,420707,3788,19059
2020-06-25,Delhi,73780,44765,2429,0,438012,3390,17305
2020-06-26,Delhi,77240,47091,2492,0,459156,3460,21144
2020-06-27,Delhi,80188,49301,2558,0,478336,2948,19180
2020-06-28,Delhi,83077,52607,2623,0,498416,2889,20080
2020-06-29,Delhi,85161,56235,2680,0,514573,2084,16157
2020-06-30,Delhi,87360,58348,2742,0,531752,2199,17179
2020-07-01,Delhi,89802,59992,2803,0,551708,2442,19956
2020-07-02,Delhi,92175,63007,2864,0,572530,2373,20822
2020-07-03,Delhi,94695,65624,2923,0,596695,2520,24165
2020-07-04,Delhi,97200,68256,3004,0,620368,2505,23673
2020-07-05,Delhi,99444,71339,3067,0,643504,2244,23136
2020-07-06,Delhi,100823,72088,3115,0,657383,1379,13879
2020-07-07,Delhi,102831,74217,3165,0,679831,2008,22448
2020-07-08,Delhi,104864,78199,3213,0,701859,2033,22028
2020-07-09,Delhi,107051,82226,3258,0,724148,2187,22289
2020-07-10,Delhi,109140,84694,3300,0,747109,2089,22961
2020-07-11,Delhi,110921,87692,3334,0,768617,1781,21508
2020-07-12,Delhi,112494,89968,3371,0,789853,1573,21236
2020-07-13,Delhi,113740,91312,3411,0,692845,1246,-97008
2020-07-14,Delhi,115346,93236,3446,0,713908,1606,21063
2020-07-15,Delhi,116993,95699,3487,0,736436,1647,22528
2020-07-16,Delhi,118645,97693,3545,0,756661,1652,20225
2020-07-17,Delhi,120107,99301,3571,0,777125,1462,20464
2020-07-18,Delhi,121582,101274,3597,0,798783,1475,21658
2020-07-19,Delhi,122793,103134,3628,0,818989,1211,20206
2020-07-20,Delhi,123747,104918,3663,0,830459,954,11470
2020-07-21,Delhi,125096,106118,3690,0,851311,1349,20852
2020-07-22,Delhi,126323,107650,3719,0,871371,1227,20060
2020-07-23,Delhi,127364,109065,3745,0,889597,1041,18226
2020-07-24,Delhi,127364,109065,3745,0,889597,0,0
2020-03-19,Gujarat,2,0,0,0,NA,NA,NA
2020-03-20,Gujarat,7,0,0,0,NA,5,NA
2020-03-21,Gujarat,14,0,0,0,NA,7,NA
2020-03-22,Gujarat,18,0,0,0,NA,4,NA
2020-03-23,Gujarat,30,0,0,0,NA,12,NA
2020-03-24,Gujarat,36,0,0,0,NA,6,NA
2020-03-25,Gujarat,38,0,0,0,NA,2,NA
2020-03-26,Gujarat,44,0,0,0,NA,6,NA
2020-03-27,Gujarat,47,0,0,0,NA,3,NA
2020-03-28,Gujarat,55,0,0,0,NA,8,NA
2020-03-29,Gujarat,63,1,5,0,NA,8,NA
2020-03-30,Gujarat,70,3,6,0,NA,7,NA
2020-03-31,Gujarat,74,5,6,0,NA,4,NA
2020-04-01,Gujarat,87,5,6,0,NA,13,NA
2020-04-02,Gujarat,88,10,7,0,NA,1,NA
2020-04-03,Gujarat,95,10,9,0,NA,7,NA
2020-04-04,Gujarat,108,13,10,0,NA,13,NA
2020-04-05,Gujarat,128,21,11,0,NA,20,NA
2020-04-06,Gujarat,146,22,12,0,NA,18,NA
2020-04-07,Gujarat,175,25,14,0,NA,29,NA
2020-04-08,Gujarat,186,25,16,0,4224,11,NA
2020-04-09,Gujarat,262,26,18,0,4224,76,0
2020-04-10,Gujarat,378,33,19,0,7718,116,3494
2020-04-11,Gujarat,468,44,22,0,9763,90,2045
2020-04-12,Gujarat,516,44,24,0,11715,48,1952
2020-04-13,Gujarat,572,54,26,0,14251,56,2536
2020-04-14,Gujarat,650,59,28,0,14980,78,729
2020-04-15,Gujarat,766,64,33,0,19197,116,4217
2020-04-16,Gujarat,929,73,36,0,20903,163,1706
2020-04-17,Gujarat,1099,86,41,0,23483,170,2580
2020-04-18,Gujarat,1376,93,53,0,26102,277,2619
2020-04-19,Gujarat,1743,105,63,0,29104,367,3002
2020-04-20,Gujarat,1939,131,71,0,33316,196,4212
2020-04-21,Gujarat,2178,139,90,0,36829,239,3513
2020-04-22,Gujarat,2407,179,103,0,39421,229,2592
2020-04-23,Gujarat,2624,258,112,0,42384,217,2963
2020-04-24,Gujarat,2815,265,127,0,46743,191,4359
2020-04-25,Gujarat,3071,282,133,0,48315,256,1572
2020-04-26,Gujarat,3301,313,151,0,51091,230,2776
2020-04-27,Gujarat,3548,394,162,0,53575,247,2484
2020-04-28,Gujarat,3774,434,181,0,56101,226,2526
2020-04-29,Gujarat,4082,527,197,0,59488,308,3387
2020-04-30,Gujarat,4395,613,214,0,64007,313,4519
2020-05-01,Gujarat,4721,736,236,0,68774,326,4767
2020-05-02,Gujarat,5054,896,262,0,74116,333,5342
2020-05-03,Gujarat,5428,1042,290,0,80060,374,5944
2020-05-04,Gujarat,5804,1195,319,0,84648,376,4588
2020-05-05,Gujarat,6245,1381,368,0,89632,441,4984
2020-05-06,Gujarat,6625,1500,396,0,95191,380,5559
2020-05-07,Gujarat,7013,1709,425,0,100553,388,5362
2020-05-08,Gujarat,7403,1872,449,0,105386,390,4833
2020-05-09,Gujarat,7797,2091,472,0,109650,394,4264
2020-05-10,Gujarat,8195,2545,493,0,113493,398,3843
2020-05-11,Gujarat,8542,2780,513,0,116470,347,2977
2020-05-12,Gujarat,8904,3246,537,0,119536,362,3066
2020-05-13,Gujarat,9268,3562,566,0,122297,364,2761
2020-05-14,Gujarat,9592,3753,586,0,124708,324,2411
2020-05-15,Gujarat,9932,4035,606,0,127859,340,3151
2020-05-16,Gujarat,10989,4308,625,0,138407,1057,10548
2020-05-17,Gujarat,11380,4499,659,0,143600,391,5193
2020-05-18,Gujarat,11746,4804,694,0,148824,366,5224
2020-05-19,Gujarat,12141,5043,719,0,154674,395,5850
2020-05-20,Gujarat,12539,5219,749,0,160772,398,6098
2020-05-21,Gujarat,12910,5488,773,0,166152,371,5380
2020-05-22,Gujarat,13273,5880,802,0,172562,363,6410
2020-05-23,Gujarat,13669,6169,829,0,178068,396,5506
2020-05-24,Gujarat,14063,6412,858,0,182868,394,4800
2020-05-25,Gujarat,14468,6636,888,0,186361,405,3493
2020-05-26,Gujarat,14829,7137,915,0,189313,361,2952
2020-05-27,Gujarat,15205,7547,938,0,193863,376,4550
2020-05-28,Gujarat,15572,8001,960,0,198048,367,4185
2020-05-29,Gujarat,15944,8609,980,0,201481,372,3433
2020-05-30,Gujarat,16356,9230,1007,0,205780,412,4299
2020-05-31,Gujarat,16794,9919,1038,0,211930,438,6150
2020-06-01,Gujarat,17217,10780,1063,0,216258,423,4328
2020-06-02,Gujarat,17632,11894,1092,0,221610,415,5352
2020-06-03,Gujarat,18117,12212,1122,0,227898,485,6288
2020-06-04,Gujarat,18609,12667,1155,0,233921,492,6023
2020-06-05,Gujarat,19119,13011,1190,0,239911,510,5990
2020-06-06,Gujarat,19617,13324,1219,0,245606,498,5695
2020-06-07,Gujarat,20097,13643,1249,0,251686,480,6080
2020-06-08,Gujarat,20574,13964,1280,0,256289,477,4603
2020-06-09,Gujarat,21044,14373,1313,0,261587,470,5298
2020-06-10,Gujarat,21554,14743,1347,0,266404,510,4817
2020-06-11,Gujarat,22067,15109,1385,0,272924,513,6520
2020-06-12,Gujarat,22562,15501,1416,0,278137,495,5213
2020-06-13,Gujarat,23079,15891,1449,0,283623,517,5486
2020-06-14,Gujarat,23590,16333,1478,0,288565,511,4942
2020-06-15,Gujarat,24104,16672,1506,0,292909,514,4344
2020-06-16,Gujarat,24628,17090,1534,0,296335,524,3426
2020-06-17,Gujarat,25148,17438,1561,0,303671,520,7336
2020-06-18,Gujarat,25658,17827,1592,0,308744,510,5073
2020-06-19,Gujarat,26198,18167,1619,0,314301,540,5557
2020-06-20,Gujarat,26737,18702,1639,0,319414,539,5113
2020-06-21,Gujarat,27317,19357,1664,0,324874,580,5460
2020-06-22,Gujarat,27880,19917,1685,0,329343,563,4469
2020-06-23,Gujarat,28429,20521,1711,0,334326,549,4983
2020-06-24,Gujarat,29001,21096,1736,0,340080,572,5754
2020-06-25,Gujarat,29578,21506,1754,0,345278,577,5198
2020-06-26,Gujarat,30158,22038,1772,0,351179,580,5901
2020-06-27,Gujarat,30773,22417,1790,0,357148,615,5969
2020-06-28,Gujarat,31397,22808,1809,0,363306,624,6158
2020-06-29,Gujarat,32023,23248,1828,0,367739,626,4433
2020-06-30,Gujarat,32643,23670,1847,0,373613,620,5874
2020-07-01,Gujarat,33318,24038,1868,0,380640,675,7027
2020-07-02,Gujarat,33999,24601,1887,0,388065,681,7425
2020-07-03,Gujarat,34686,24941,1905,0,395873,687,7808
2020-07-04,Gujarat,35398,25414,1926,0,404354,712,8481
2020-07-05,Gujarat,36123,25900,1944,0,412124,725,7770
2020-07-06,Gujarat,36858,26323,1961,0,418464,735,6340
2020-07-07,Gujarat,37636,26744,1978,0,425830,778,7366
2020-07-08,Gujarat,38419,27313,1994,0,433864,783,8034
2020-07-09,Gujarat,39280,27742,2009,0,441692,861,7828
2020-07-10,Gujarat,40155,28183,2023,0,449349,875,7657
2020-07-11,Gujarat,41027,28685,2033,0,457066,872,7717
2020-07-12,Gujarat,41906,29198,2046,0,464646,879,7580
2020-07-13,Gujarat,42808,29806,2056,0,470265,902,5619
2020-07-14,Gujarat,43723,30555,2070,0,478367,915,8102
2020-07-15,Gujarat,44648,31346,2080,0,487707,925,9340
2020-07-16,Gujarat,45567,32174,2090,0,499170,919,11463
2020-07-17,Gujarat,46516,33044,2107,0,512000,949,12830
2020-07-18,Gujarat,47476,34106,2126,0,524297,960,12297
2020-07-19,Gujarat,48441,34983,2146,0,536122,965,11825
2020-07-20,Gujarat,49439,35760,2166,0,548989,998,12867
2020-07-21,Gujarat,50465,36504,2200,0,562682,1026,13693
2020-07-22,Gujarat,51485,37341,2228,0,576706,1020,14024
2020-07-23,Gujarat,52563,38059,2256,0,591561,1078,14855
2020-07-24,Gujarat,52563,38059,2256,0,591561,0,0
2020-03-09,Karnataka,1,0,0,0,NA,NA,NA
2020-03-10,Karnataka,4,0,0,0,NA,3,NA
2020-03-11,Karnataka,4,0,0,0,NA,0,NA
2020-03-12,Karnataka,5,0,0,0,NA,1,NA
2020-03-13,Karnataka,6,0,1,0,NA,1,NA
2020-03-14,Karnataka,6,0,1,0,NA,0,NA
2020-03-15,Karnataka,6,0,1,0,NA,0,NA
2020-03-16,Karnataka,7,0,1,0,NA,1,NA
2020-03-17,Karnataka,11,0,1,0,NA,4,NA
2020-03-18,Karnataka,14,0,1,0,NA,3,NA
2020-03-19,Karnataka,15,0,1,0,NA,1,NA
2020-03-20,Karnataka,15,1,1,0,NA,0,NA
2020-03-21,Karnataka,20,1,1,0,NA,5,NA
2020-03-22,Karnataka,26,1,1,0,NA,6,NA
2020-03-23,Karnataka,33,1,1,0,NA,7,NA
2020-03-24,Karnataka,41,3,1,0,NA,8,NA
2020-03-25,Karnataka,51,3,1,0,NA,10,NA
2020-03-26,Karnataka,55,3,2,0,NA,4,NA
2020-03-27,Karnataka,64,5,3,0,NA,9,NA
2020-03-28,Karnataka,76,5,3,0,NA,12,NA
2020-03-29,Karnataka,83,5,3,0,NA,7,NA
2020-03-30,Karnataka,88,6,3,0,NA,5,NA
2020-03-31,Karnataka,101,8,3,0,NA,13,NA
2020-04-01,Karnataka,110,9,3,0,NA,9,NA
2020-04-02,Karnataka,124,11,3,0,NA,14,NA
2020-04-03,Karnataka,128,11,4,0,4587,4,NA
2020-04-04,Karnataka,144,11,4,0,4587,16,0
2020-04-05,Karnataka,151,12,4,0,4587,7,0
2020-04-06,Karnataka,163,20,4,0,4587,12,0
2020-04-07,Karnataka,175,25,4,0,6580,12,1993
2020-04-08,Karnataka,181,28,5,0,6967,6,387
2020-04-09,Karnataka,197,30,6,0,7613,16,646
2020-04-10,Karnataka,207,34,6,0,7975,10,362
2020-04-11,Karnataka,215,39,6,0,8560,8,585
2020-04-12,Karnataka,232,54,6,0,9251,17,691
2020-04-13,Karnataka,247,60,8,0,10017,15,766
2020-04-14,Karnataka,260,71,10,0,11107,13,1090
2020-04-15,Karnataka,279,80,12,0,12483,19,1376
2020-04-16,Karnataka,315,82,13,0,13724,36,1241
2020-04-17,Karnataka,359,88,13,0,17594,44,3870
2020-04-18,Karnataka,384,104,14,0,19186,25,1592
2020-04-19,Karnataka,390,111,16,0,21367,6,2181
2020-04-20,Karnataka,408,112,16,0,23460,18,2093
2020-04-21,Karnataka,418,129,17,0,26233,10,2773
2020-04-22,Karnataka,427,131,17,0,29512,9,3279
2020-04-23,Karnataka,445,145,17,0,32122,18,2610
2020-04-24,Karnataka,474,152,18,0,35958,29,3836
2020-04-25,Karnataka,500,158,18,0,39083,26,3125
2020-04-26,Karnataka,503,182,19,0,42964,3,3881
2020-04-27,Karnataka,512,193,20,1,45685,9,2721
2020-04-28,Karnataka,523,207,20,1,50512,11,4827
2020-04-29,Karnataka,535,216,21,1,55404,12,4892
2020-04-30,Karnataka,565,229,22,1,60156,30,4752
2020-05-01,Karnataka,589,251,22,1,64898,24,4742
2020-05-02,Karnataka,601,271,25,1,69730,12,4832
2020-05-03,Karnataka,614,293,25,1,74898,13,5168
2020-05-04,Karnataka,651,321,27,1,79193,37,4295
2020-05-05,Karnataka,673,331,29,1,83806,22,4613
2020-05-06,Karnataka,693,354,29,1,88777,20,4971
2020-05-07,Karnataka,705,366,30,1,93535,12,4758
2020-05-08,Karnataka,753,376,30,1,98081,48,4546
2020-05-09,Karnataka,794,386,30,1,103098,41,5017
2020-05-10,Karnataka,848,422,31,1,107311,54,4213
2020-05-11,Karnataka,862,426,31,1,111595,14,4284
2020-05-12,Karnataka,925,433,31,1,116533,63,4938
2020-05-13,Karnataka,959,451,33,1,121178,34,4645
2020-05-14,Karnataka,987,460,35,1,128373,28,7195
2020-05-15,Karnataka,1056,480,36,1,133724,69,5351
2020-05-16,Karnataka,1092,496,36,1,140024,36,6300
2020-05-17,Karnataka,1147,509,37,1,145398,55,5374
2020-05-18,Karnataka,1246,530,37,1,151663,99,6265
2020-05-19,Karnataka,1395,543,40,1,158599,149,6936
2020-05-20,Karnataka,1462,556,41,1,166781,67,8182
2020-05-21,Karnataka,1605,571,41,1,174297,143,7516
2020-05-22,Karnataka,1743,597,41,1,186526,138,12229
2020-05-23,Karnataka,1959,608,42,2,196196,216,9670
2020-05-24,Karnataka,2089,654,42,2,206313,130,10117
2020-05-25,Karnataka,2182,705,43,3,219894,93,13581
2020-05-26,Karnataka,2283,764,43,3,228914,101,9020
2020-05-27,Karnataka,2418,781,46,3,241608,135,12694
2020-05-28,Karnataka,2533,834,46,3,252078,115,10470
2020-05-29,Karnataka,2781,894,46,4,264489,248,12411
2020-05-30,Karnataka,2922,997,47,4,280217,141,15728
2020-05-31,Karnataka,3221,1218,49,4,293575,299,13358
2020-06-01,Karnataka,3408,1318,50,4,304816,187,11241
2020-06-02,Karnataka,3796,1393,50,4,319628,388,14812
2020-06-03,Karnataka,4063,1504,51,4,334825,267,15197
2020-06-04,Karnataka,4320,1610,55,4,347093,257,12268
2020-06-05,Karnataka,4835,1693,55,4,360720,515,13627
2020-06-06,Karnataka,5213,1973,57,4,372582,378,11862
2020-06-07,Karnataka,5452,2132,59,4,384442,239,11860
2020-06-08,Karnataka,5760,2441,62,4,393221,308,8779
2020-06-09,Karnataka,5921,2605,64,4,400257,161,7036
2020-06-10,Karnataka,6041,2862,67,4,408506,120,8249
2020-06-11,Karnataka,6245,2976,70,4,416506,204,8000
2020-06-12,Karnataka,6516,3440,77,4,426341,271,9835
2020-06-13,Karnataka,6824,3648,80,4,436518,308,10177
2020-06-14,Karnataka,7000,3960,85,4,443969,176,7451
2020-06-15,Karnataka,7213,4134,87,4,449331,213,5362
2020-06-16,Karnataka,7530,4456,94,4,457267,317,7936
2020-06-17,Karnataka,7734,4804,102,4,464798,204,7531
2020-06-18,Karnataka,7944,4980,114,4,473507,210,8709
2020-06-19,Karnataka,8281,5210,123,4,484060,337,10553
2020-06-20,Karnataka,8697,5393,132,4,493893,416,9833
2020-06-21,Karnataka,9150,5619,137,4,506765,453,12872
2020-06-22,Karnataka,9399,5730,142,4,515969,249,9204
2020-06-23,Karnataka,9721,6004,150,4,526538,322,10569
2020-06-24,Karnataka,10118,6153,164,4,539247,397,12709
2020-06-25,Karnataka,10560,6672,170,4,553325,442,14078
2020-06-26,Karnataka,11005,6918,180,4,568058,445,14733
2020-06-27,Karnataka,11923,7289,191,4,581635,918,13577
2020-06-28,Karnataka,13190,7509,207,4,595470,1267,13835
2020-06-29,Karnataka,14295,7685,226,4,605159,1105,9689
2020-06-30,Karnataka,15242,7920,246,4,620747,947,15588
2020-07-01,Karnataka,16514,8065,253,4,637417,1272,16670
2020-07-02,Karnataka,18016,8336,272,4,653627,1502,16210
2020-07-03,Karnataka,19710,8807,293,4,671934,1694,18307
2020-07-04,Karnataka,21549,9246,335,4,689526,1839,17592
2020-07-05,Karnataka,23474,9849,372,4,706425,1925,16899
2020-07-06,Karnataka,25317,10529,402,4,722305,1843,15880
2020-07-07,Karnataka,26815,11100,417,4,740047,1498,17742
2020-07-08,Karnataka,28877,11878,471,4,759181,2062,19134
2020-07-09,Karnataka,31105,12835,488,4,779209,2228,20028
2020-07-10,Karnataka,33418,13838,545,4,798437,2313,19228
2020-07-11,Karnataka,36216,14718,615,4,819024,2798,20587
2020-07-12,Karnataka,38843,15411,686,4,839074,2627,20050
2020-07-13,Karnataka,41581,16249,759,4,856148,2738,17074
2020-07-14,Karnataka,44077,17390,841,9,879822,2496,23674
2020-07-15,Karnataka,47253,18466,928,9,902026,3176,22204
2020-07-16,Karnataka,51422,19729,1032,9,925477,4169,23451
2020-07-17,Karnataka,55115,20757,1147,9,953417,3693,27940
2020-07-18,Karnataka,59652,21775,1240,9,982701,4537,29284
2020-07-19,Karnataka,63772,23065,1331,9,999530,4120,16829
2020-07-20,Karnataka,67420,23795,1403,9,1025420,3648,25890
2020-07-21,Karnataka,71069,25459,1464,9,1051976,3649,26556
2020-07-22,Karnataka,75833,27239,1519,9,1079749,4764,27773
2020-07-23,Karnataka,80863,29310,1616,9,1079749,5030,0
2020-07-24,Karnataka,80863,29310,1616,9,1079749,0,0
2020-03-09,Maharashtra,2,0,0,0,NA,NA,NA
2020-03-10,Maharashtra,5,0,0,0,NA,3,NA
2020-03-11,Maharashtra,11,0,0,0,NA,6,NA
2020-03-12,Maharashtra,14,0,0,0,NA,3,NA
2020-03-13,Maharashtra,17,0,0,0,NA,3,NA
2020-03-14,Maharashtra,26,0,0,0,NA,9,NA
2020-03-15,Maharashtra,32,0,0,0,NA,6,NA
2020-03-16,Maharashtra,39,0,0,0,NA,7,NA
2020-03-17,Maharashtra,41,0,0,0,NA,2,NA
2020-03-18,Maharashtra,45,0,0,0,NA,4,NA
2020-03-19,Maharashtra,48,0,0,0,NA,3,NA
2020-03-20,Maharashtra,52,0,0,0,NA,4,NA
2020-03-21,Maharashtra,64,0,0,0,NA,12,NA
2020-03-22,Maharashtra,74,0,0,0,NA,10,NA
2020-03-23,Maharashtra,89,0,0,0,NA,15,NA
2020-03-24,Maharashtra,107,0,0,0,NA,18,NA
2020-03-25,Maharashtra,122,0,0,0,NA,15,NA
2020-03-26,Maharashtra,125,0,0,0,NA,3,NA
2020-03-27,Maharashtra,153,0,0,0,NA,28,NA
2020-03-28,Maharashtra,181,0,0,0,NA,28,NA
2020-03-29,Maharashtra,203,25,8,0,NA,22,NA
2020-03-30,Maharashtra,220,39,10,0,NA,17,NA
2020-03-31,Maharashtra,302,39,11,0,NA,82,NA
2020-04-01,Maharashtra,335,39,16,0,NA,33,NA
2020-04-02,Maharashtra,423,42,21,0,NA,88,NA
2020-04-03,Maharashtra,487,50,26,0,NA,64,NA
2020-04-04,Maharashtra,635,52,32,0,NA,148,NA
2020-04-05,Maharashtra,747,56,45,0,16008,112,NA
2020-04-06,Maharashtra,868,70,52,0,17563,121,1555
2020-04-07,Maharashtra,1018,79,64,0,20877,150,3314
2020-04-08,Maharashtra,1135,117,72,0,20877,117,0
2020-04-09,Maharashtra,1364,125,97,0,20877,229,0
2020-04-10,Maharashtra,1574,188,110,0,30000,210,9123
2020-04-11,Maharashtra,1761,208,127,0,31841,187,1841
2020-04-12,Maharashtra,1982,217,149,0,35668,221,3827
2020-04-13,Maharashtra,2334,229,160,0,39725,352,4057
2020-04-14,Maharashtra,2680,259,178,0,41071,346,1346
2020-04-15,Maharashtra,2916,295,187,0,45142,236,4071
2020-04-16,Maharashtra,3201,300,194,0,50882,285,5740
2020-04-17,Maharashtra,3321,331,201,0,55678,120,4796
2020-04-18,Maharashtra,3648,365,211,0,60166,327,4488
2020-04-19,Maharashtra,4200,507,223,0,66796,552,6630
2020-04-20,Maharashtra,4666,572,232,0,71321,466,4525
2020-04-21,Maharashtra,5218,722,251,0,75838,552,4517
2020-04-22,Maharashtra,5649,789,269,0,82304,431,6466
2020-04-23,Maharashtra,6427,840,283,0,89197,778,6893
2020-04-24,Maharashtra,6817,957,301,0,95210,390,6013
2020-04-25,Maharashtra,7628,1076,323,0,100912,811,5702
2020-04-26,Maharashtra,8068,1188,342,0,107979,440,7067
2020-04-27,Maharashtra,8590,1282,369,0,115147,522,7168
2020-04-28,Maharashtra,9318,1388,400,0,120620,728,5473
2020-04-29,Maharashtra,9915,1593,432,0,128726,597,8106
2020-04-30,Maharashtra,10498,1773,459,0,135694,583,6968
2020-05-01,Maharashtra,11506,1879,485,0,144159,1008,8465
2020-05-02,Maharashtra,12296,2000,521,0,151085,790,6926
2020-05-03,Maharashtra,12974,2115,548,0,159754,678,8669
2020-05-04,Maharashtra,14541,2465,583,0,168374,1567,8620
2020-05-05,Maharashtra,15525,2819,617,0,175323,984,6949
2020-05-06,Maharashtra,16758,3094,651,0,181746,1233,6423
2020-05-07,Maharashtra,17974,3301,694,0,189220,1216,7474
2020-05-08,Maharashtra,19063,3470,731,0,200477,1089,11257
2020-05-09,Maharashtra,20228,3800,779,0,210174,1165,9697
2020-05-10,Maharashtra,22171,4199,832,0,225524,1943,15350
2020-05-11,Maharashtra,23401,4786,868,0,218914,1230,-6610
2020-05-12,Maharashtra,24427,5125,921,0,222284,1026,3370
2020-05-13,Maharashtra,25922,5547,975,0,231061,1495,8777
2020-05-14,Maharashtra,27524,6089,1019,0,240482,1602,9421
2020-05-15,Maharashtra,29100,6564,1068,0,250898,1576,10416
2020-05-16,Maharashtra,30706,7088,1135,0,261815,1606,10917
2020-05-17,Maharashtra,33053,7688,1198,0,274040,2347,12225
2020-05-18,Maharashtra,35058,8437,1249,0,282437,2005,8397
2020-05-19,Maharashtra,37136,9639,1325,0,294272,2078,11835
2020-05-20,Maharashtra,39297,10318,1390,0,307535,2161,13263
2020-05-21,Maharashtra,41642,11726,1454,0,319921,2345,12386
2020-05-22,Maharashtra,44582,12583,1517,0,333087,2940,13166
2020-05-23,Maharashtra,47190,13404,1577,0,348932,2608,15845
2020-05-24,Maharashtra,50231,14600,1635,0,363470,3041,14538
2020-05-25,Maharashtra,52667,15786,1695,0,379185,2436,15715
2020-05-26,Maharashtra,54758,16954,1792,0,390757,2091,11572
2020-05-27,Maharashtra,56948,17918,1897,0,405020,2190,14263
2020-05-28,Maharashtra,59546,18616,1982,0,420473,2598,15453
2020-05-29,Maharashtra,62228,26997,2098,0,434565,2682,14092
2020-05-30,Maharashtra,65168,28081,2197,0,448661,2940,14096
2020-05-31,Maharashtra,67655,29329,2286,0,463177,2487,14516
2020-06-01,Maharashtra,70013,30108,2362,0,472344,2358,9167
2020-06-02,Maharashtra,72300,31333,2465,0,484784,2287,12440
2020-06-03,Maharashtra,74860,32329,2587,0,498577,2560,13793
2020-06-04,Maharashtra,77793,33681,2710,0,511136,2933,12559
2020-06-05,Maharashtra,80229,35147,2849,0,524002,2436,12866
2020-06-06,Maharashtra,82968,37390,2969,0,538009,2739,14007
2020-06-07,Maharashtra,85975,39314,3060,0,553063,3007,15054
2020-06-08,Maharashtra,88529,40975,3169,0,565290,2554,12227
2020-06-09,Maharashtra,90787,42639,3289,0,579294,2258,14004
2020-06-10,Maharashtra,94041,44516,3438,0,595282,3254,15988
2020-06-11,Maharashtra,97648,46078,3590,0,610790,3607,15508
2020-06-12,Maharashtra,101141,47796,3717,0,626521,3493,15731
2020-06-13,Maharashtra,104568,49346,3830,13,643057,3427,16536
2020-06-14,Maharashtra,107958,50978,3950,13,659481,3390,16424
2020-06-15,Maharashtra,110744,56049,4128,13,671348,2786,11867
2020-06-16,Maharashtra,113445,57851,5537,13,686488,2701,15140
2020-06-17,Maharashtra,116752,59166,5651,13,686488,3307,0
2020-06-18,Maharashtra,120504,60838,5751,13,719637,3752,33149
2020-06-19,Maharashtra,124331,62773,5893,13,737597,3827,17960
2020-06-20,Maharashtra,128205,64153,5984,14,756809,3874,19212
2020-06-21,Maharashtra,132075,65744,6170,14,775958,3870,19149
2020-06-22,Maharashtra,135796,67706,6283,14,789016,3721,13058
2020-06-23,Maharashtra,139010,69631,6531,15,804726,3214,15710
2020-06-24,Maharashtra,142899,73792,6739,15,826139,3889,21413
2020-06-25,Maharashtra,147741,77453,6931,15,850410,4842,24271
2020-06-26,Maharashtra,152765,79815,7106,15,873570,5024,23160
2020-06-27,Maharashtra,159133,84245,7273,15,900423,6368,26853
2020-06-28,Maharashtra,164626,86575,7429,15,926934,5493,26511
2020-06-29,Maharashtra,169883,88960,7610,15,946518,5257,19584
2020-06-30,Maharashtra,174761,90911,7855,16,970161,4878,23643
2020-07-01,Maharashtra,180298,93154,8053,16,995343,5537,25182
2020-07-02,Maharashtra,186626,101172,8178,16,1023296,6328,27953
2020-07-03,Maharashtra,192990,104687,8376,16,1052643,6364,29347
2020-07-04,Maharashtra,200064,108082,8671,16,1085160,7074,32517
2020-07-05,Maharashtra,206619,111740,8822,17,1116112,6555,30952
2020-07-06,Maharashtra,211987,115262,9026,17,1138706,5368,22594
2020-07-07,Maharashtra,217121,118558,9250,19,1164860,5134,26154
2020-07-08,Maharashtra,223724,123192,9448,19,1194565,6603,29705
2020-07-09,Maharashtra,230599,127259,9667,19,1225831,6875,31266
2020-07-10,Maharashtra,238461,132625,9893,296,1257564,7862,31733
2020-07-11,Maharashtra,246600,136985,10116,297,1289325,8139,31761
2020-07-12,Maharashtra,254427,140325,10289,297,1321715,7827,32390
2020-07-13,Maharashtra,260924,144507,10482,297,1345128,6497,23413
2020-07-14,Maharashtra,267665,149007,10695,298,1376203,6741,31075
2020-07-15,Maharashtra,275640,152613,10928,298,1413185,7975,36982
2020-07-16,Maharashtra,284281,158140,11194,299,1450129,8641,36944
2020-07-17,Maharashtra,292589,160357,11452,300,1487738,8308,37609
2020-07-18,Maharashtra,300937,165663,11596,301,1526037,8348,38299
2020-07-19,Maharashtra,310455,169569,11854,302,1568229,9518,42192
2020-07-20,Maharashtra,318695,175029,12030,302,1603802,8240,35573
2020-07-21,Maharashtra,327031,182217,12276,302,1643981,8336,40179
2020-07-22,Maharashtra,337607,187769,12556,302,1691546,10576,47565
2020-07-23,Maharashtra,347502,194253,12854,302,1741992,9895,50446
2020-07-24,Maharashtra,347502,194253,12854,302,1741992,0,0
2020-03-07,Tamil Nadu,1,0,0,0,NA,NA,NA
2020-03-08,Tamil Nadu,1,0,0,0,NA,0,NA
2020-03-09,Tamil Nadu,1,0,0,0,NA,0,NA
2020-03-10,Tamil Nadu,1,0,0,0,NA,0,NA
2020-03-11,Tamil Nadu,1,0,0,0,NA,0,NA
2020-03-12,Tamil Nadu,1,0,0,0,NA,0,NA
2020-03-13,Tamil Nadu,1,0,0,0,NA,0,NA
2020-03-14,Tamil Nadu,1,0,0,0,NA,0,NA
2020-03-15,Tamil Nadu,1,0,0,0,NA,0,NA
2020-03-16,Tamil Nadu,1,0,0,0,NA,0,NA
2020-03-17,Tamil Nadu,1,0,0,0,NA,0,NA
2020-03-18,Tamil Nadu,2,0,0,0,NA,1,NA
2020-03-19,Tamil Nadu,3,0,0,0,NA,1,NA
2020-03-20,Tamil Nadu,3,0,0,0,NA,0,NA
2020-03-21,Tamil Nadu,6,0,0,0,NA,3,NA
2020-03-22,Tamil Nadu,9,0,0,0,NA,3,NA
2020-03-23,Tamil Nadu,12,0,0,0,NA,3,NA
2020-03-24,Tamil Nadu,18,0,0,0,NA,6,NA
2020-03-25,Tamil Nadu,26,0,0,0,NA,8,NA
2020-03-26,Tamil Nadu,29,0,0,0,NA,3,NA
2020-03-27,Tamil Nadu,38,0,0,0,NA,9,NA
2020-03-28,Tamil Nadu,42,0,0,0,NA,4,NA
2020-03-29,Tamil Nadu,50,4,1,0,NA,8,NA
2020-03-30,Tamil Nadu,67,4,1,0,NA,17,NA
2020-03-31,Tamil Nadu,124,6,1,0,NA,57,NA
2020-04-01,Tamil Nadu,234,6,1,0,NA,110,NA
2020-04-02,Tamil Nadu,309,6,1,0,NA,75,NA
2020-04-03,Tamil Nadu,411,6,1,0,3684,102,NA
2020-04-04,Tamil Nadu,485,8,3,0,3684,74,0
2020-04-05,Tamil Nadu,571,8,5,0,3684,86,0
2020-04-06,Tamil Nadu,621,13,6,0,3684,50,0
2020-04-07,Tamil Nadu,690,19,7,0,3684,69,0
2020-04-08,Tamil Nadu,738,21,8,0,5305,48,1621
2020-04-09,Tamil Nadu,834,27,8,0,7267,96,1962
2020-04-10,Tamil Nadu,911,44,9,0,8410,77,1143
2020-04-11,Tamil Nadu,969,44,10,0,9842,58,1432
2020-04-12,Tamil Nadu,1075,50,11,0,10655,106,813
2020-04-13,Tamil Nadu,1173,58,11,0,12746,98,2091
2020-04-14,Tamil Nadu,1204,81,12,0,19255,31,6509
2020-04-15,Tamil Nadu,1242,118,14,0,21994,38,2739
2020-04-16,Tamil Nadu,1267,180,15,0,26005,25,4011
2020-04-17,Tamil Nadu,1323,283,15,0,29673,56,3668
2020-04-18,Tamil Nadu,1372,365,15,0,35036,49,5363
2020-04-19,Tamil Nadu,1477,411,15,0,40876,105,5840
2020-04-20,Tamil Nadu,1520,457,17,0,46985,43,6109
2020-04-21,Tamil Nadu,1596,635,18,0,53045,76,6060
2020-04-22,Tamil Nadu,1629,662,18,0,59023,33,5978
2020-04-23,Tamil Nadu,1683,752,20,0,65977,54,6954
2020-04-24,Tamil Nadu,1755,866,22,0,72403,72,6426
2020-04-25,Tamil Nadu,1821,960,23,0,80110,66,7707
2020-04-26,Tamil Nadu,1885,1020,24,0,87605,64,7495
2020-04-27,Tamil Nadu,1937,1074,24,0,94781,52,7176
2020-04-28,Tamil Nadu,2058,1128,25,0,101874,121,7093
2020-04-29,Tamil Nadu,2162,1210,27,0,109961,104,8087
2020-04-30,Tamil Nadu,2323,1258,27,0,119748,161,9787
2020-05-01,Tamil Nadu,2526,1312,28,0,129363,203,9615
2020-05-02,Tamil Nadu,2757,1341,29,0,139490,231,10127
2020-05-03,Tamil Nadu,3023,1379,30,0,150107,266,10617
2020-05-04,Tamil Nadu,3550,1409,31,0,162970,527,12863
2020-05-05,Tamil Nadu,4058,1485,33,0,174828,508,11858
2020-05-06,Tamil Nadu,4829,1516,35,0,188241,771,13413
2020-05-07,Tamil Nadu,5409,1547,37,0,202436,580,14195
2020-05-08,Tamil Nadu,6009,1605,40,0,216416,600,13980
2020-05-09,Tamil Nadu,6535,1824,44,0,229670,526,13254
2020-05-10,Tamil Nadu,7204,1959,47,0,243037,669,13367
2020-05-11,Tamil Nadu,8002,2051,53,0,254899,798,11862
2020-05-12,Tamil Nadu,8718,2134,61,0,266687,716,11788
2020-05-13,Tamil Nadu,9227,2175,64,0,279467,509,12780
2020-05-14,Tamil Nadu,9674,2240,66,0,291432,447,11965
2020-05-15,Tamil Nadu,10108,2599,71,0,303104,434,11672
2020-05-16,Tamil Nadu,10585,3538,75,0,313639,477,10535
2020-05-17,Tamil Nadu,11224,4172,79,0,326720,639,13081
2020-05-18,Tamil Nadu,11760,4406,82,0,337841,536,11121
2020-05-19,Tamil Nadu,12448,4895,85,0,348174,688,10333
2020-05-20,Tamil Nadu,13191,5882,88,0,360068,743,11894
2020-05-21,Tamil Nadu,13967,6282,95,0,372532,776,12464
2020-05-22,Tamil Nadu,14753,7128,99,0,385185,786,12653
2020-05-23,Tamil Nadu,15512,7491,104,0,397340,759,12155
2020-05-24,Tamil Nadu,16277,8324,112,0,409615,765,12275
2020-05-25,Tamil Nadu,17082,8731,119,0,421450,805,11835
2020-05-26,Tamil Nadu,17728,9342,130,0,431739,646,10289
2020-05-27,Tamil Nadu,18545,9909,136,0,442970,817,11231
2020-05-28,Tamil Nadu,19372,10548,148,0,455216,827,12246
2020-05-29,Tamil Nadu,20246,11313,157,0,466550,874,11334
2020-05-30,Tamil Nadu,21184,12000,163,0,479155,938,12605
2020-05-31,Tamil Nadu,22333,12757,176,0,491962,1149,12807
2020-06-01,Tamil Nadu,23495,13170,187,0,503339,1162,11377
2020-06-02,Tamil Nadu,24586,13706,200,0,514433,1091,11094
2020-06-03,Tamil Nadu,25872,14316,208,0,528534,1286,14101
2020-06-04,Tamil Nadu,27256,14901,223,0,544981,1384,16447
2020-06-05,Tamil Nadu,28694,15762,235,0,560673,1438,15692
2020-06-06,Tamil Nadu,30152,16395,254,0,576695,1458,16022
2020-06-07,Tamil Nadu,31667,16999,272,0,592970,1515,16275
2020-06-08,Tamil Nadu,33229,17527,289,0,607952,1562,14982
2020-06-09,Tamil Nadu,34914,18325,307,0,621171,1685,13219
2020-06-10,Tamil Nadu,36841,19333,326,0,638846,1927,17675
2020-06-11,Tamil Nadu,38716,20705,349,0,655675,1875,16829
2020-06-12,Tamil Nadu,40698,22047,367,0,673906,1982,18231
2020-06-13,Tamil Nadu,42687,23409,397,0,691817,1989,17911
2020-06-14,Tamil Nadu,44661,24547,435,0,710599,1974,18782
2020-06-15,Tamil Nadu,46504,25344,479,0,729002,1843,18403
2020-06-16,Tamil Nadu,48019,26782,528,0,748244,1515,19242
2020-06-17,Tamil Nadu,50193,27624,576,0,773707,2174,25463
2020-06-18,Tamil Nadu,52334,28641,625,0,800443,2141,26736
2020-06-19,Tamil Nadu,54449,30271,666,0,827980,2115,27537
2020-06-20,Tamil Nadu,56845,31316,704,0,861211,2396,33231
2020-06-21,Tamil Nadu,59377,32754,757,0,892612,2532,31401
2020-06-22,Tamil Nadu,62087,34112,794,0,919204,2710,26592
2020-06-23,Tamil Nadu,64603,35339,833,0,944352,2516,25148
2020-06-24,Tamil Nadu,67468,37763,866,0,976431,2865,32079
2020-06-25,Tamil Nadu,70977,39999,911,0,1008974,3509,32543
2020-06-26,Tamil Nadu,74622,41357,957,0,1042649,3645,33675
2020-06-27,Tamil Nadu,78335,44094,1025,0,1077454,3713,34805
2020-06-28,Tamil Nadu,82275,45537,1079,0,1110402,3940,32948
2020-06-29,Tamil Nadu,86224,47749,1141,0,1140441,3949,30039
2020-06-30,Tamil Nadu,90167,50074,1201,0,1170683,3943,30242
2020-07-01,Tamil Nadu,94049,52926,1264,0,1202204,3882,31521
2020-07-02,Tamil Nadu,98392,56021,1321,0,1235692,4343,33488
2020-07-03,Tamil Nadu,102721,58378,1385,0,1270720,4329,35028
2020-07-04,Tamil Nadu,107001,60592,1450,0,1306884,4280,36164
2020-07-05,Tamil Nadu,111151,62778,1510,0,1341715,4150,34831
2020-07-06,Tamil Nadu,114978,66571,1571,0,1376497,3827,34782
2020-07-07,Tamil Nadu,118594,71116,1636,0,1413435,3616,36938
2020-07-08,Tamil Nadu,122350,74167,1700,0,1449414,3756,35979
2020-07-09,Tamil Nadu,126581,78161,1765,0,1491783,4231,42369
2020-07-10,Tamil Nadu,130261,82324,1829,0,1529092,3680,37309
2020-07-11,Tamil Nadu,134226,85915,1898,0,1566917,3965,37825
2020-07-12,Tamil Nadu,138470,89532,1966,0,1609448,4244,42531
2020-07-13,Tamil Nadu,142798,92567,2032,0,1654008,4328,44560
2020-07-14,Tamil Nadu,147324,97310,2099,0,1695365,4526,41357
2020-07-15,Tamil Nadu,151820,102310,2167,0,1736747,4496,41382
2020-07-16,Tamil Nadu,156369,107416,2236,0,1782635,4549,45888
2020-07-17,Tamil Nadu,160907,110807,2315,0,1831304,4538,48669
2020-07-18,Tamil Nadu,165714,113856,2403,0,1879499,4807,48195
2020-07-19,Tamil Nadu,170693,117915,2481,0,1932492,4979,52993
2020-07-20,Tamil Nadu,175678,121776,2551,0,1984579,4985,52087
2020-07-21,Tamil Nadu,180643,126670,2626,0,2035645,4965,51066
2020-07-22,Tamil Nadu,186492,131583,3144,0,2095757,5849,60112
2020-07-23,Tamil Nadu,192964,136793,3232,0,2157869,6472,62112
2020-07-24,Tamil Nadu,192964,136793,3232,0,2157869,0,0
2020-03-02,Telangana,1,0,0,0,NA,NA,NA
2020-03-03,Telangana,1,0,0,0,NA,0,NA
2020-03-04,Telangana,1,0,0,0,NA,0,NA
2020-03-05,Telangana,1,0,0,0,NA,0,NA
2020-03-06,Telangana,1,0,0,0,NA,0,NA
2020-03-07,Telangana,1,0,0,0,NA,0,NA
2020-03-08,Telangana,1,0,0,0,NA,0,NA
2020-03-09,Telangana,1,0,0,0,NA,0,NA
2020-03-10,Telangana,1,0,0,0,NA,0,NA
2020-03-11,Telangana,1,0,0,0,NA,0,NA
2020-03-12,Telangana,1,0,0,0,NA,0,NA
2020-03-13,Telangana,1,0,0,0,NA,0,NA
2020-03-14,Telangana,2,0,0,0,NA,1,NA
2020-03-15,Telangana,3,0,0,0,NA,1,NA
2020-03-16,Telangana,4,0,0,0,NA,1,NA
2020-03-17,Telangana,5,0,0,0,NA,1,NA
2020-03-18,Telangana,13,0,0,0,NA,8,NA
2020-03-19,Telangana,16,0,0,0,NA,3,NA
2020-03-20,Telangana,19,0,0,0,NA,3,NA
2020-03-21,Telangana,21,0,0,0,NA,2,NA
2020-03-22,Telangana,27,0,0,0,NA,6,NA
2020-03-23,Telangana,33,0,0,0,NA,6,NA
2020-03-24,Telangana,39,0,0,0,NA,6,NA
2020-03-25,Telangana,41,0,0,0,NA,2,NA
2020-03-26,Telangana,45,0,0,0,NA,4,NA
2020-03-27,Telangana,59,0,0,0,NA,14,NA
2020-03-28,Telangana,67,0,0,0,NA,8,NA
2020-03-29,Telangana,70,1,1,0,NA,3,NA
2020-03-30,Telangana,77,14,6,0,NA,7,NA
2020-03-31,Telangana,97,14,6,0,NA,20,NA
2020-04-01,Telangana,127,14,9,0,NA,30,NA
2020-04-02,Telangana,154,17,9,0,NA,27,NA
2020-04-03,Telangana,229,32,11,0,NA,75,NA
2020-04-04,Telangana,272,33,11,0,NA,43,NA
2020-04-05,Telangana,334,33,11,0,NA,62,NA
2020-04-06,Telangana,364,45,11,0,NA,30,NA
2020-04-07,Telangana,404,45,11,0,NA,40,NA
2020-04-08,Telangana,453,45,11,0,NA,49,NA
2020-04-09,Telangana,471,45,12,0,NA,18,NA
2020-04-10,Telangana,487,45,12,0,NA,16,NA
2020-04-11,Telangana,503,96,14,0,NA,16,NA
2020-04-12,Telangana,531,103,16,0,NA,28,NA
2020-04-13,Telangana,592,103,17,0,NA,61,NA
2020-04-14,Telangana,644,110,18,0,NA,52,NA
2020-04-15,Telangana,650,118,18,0,NA,6,NA
2020-04-16,Telangana,700,186,18,0,NA,50,NA
2020-04-17,Telangana,766,186,18,0,NA,66,NA
2020-04-18,Telangana,809,186,18,0,NA,43,NA
2020-04-19,Telangana,858,186,21,0,14962,49,NA
2020-04-20,Telangana,872,186,23,0,14962,14,0
2020-04-21,Telangana,928,194,23,0,14962,56,0
2020-04-22,Telangana,943,194,24,0,14962,15,0
2020-04-23,Telangana,970,252,25,0,14962,27,0
2020-04-24,Telangana,983,291,25,0,14962,13,0
2020-04-25,Telangana,990,307,25,0,14962,7,0
2020-04-26,Telangana,1001,316,25,0,14962,11,0
2020-04-27,Telangana,1003,332,25,0,14962,2,0
2020-04-28,Telangana,1009,374,25,0,19063,6,4101
2020-04-29,Telangana,1016,409,25,0,19278,7,215
2020-04-30,Telangana,1038,442,28,0,19278,22,0
2020-05-01,Telangana,1044,464,28,0,19278,6,0
2020-05-02,Telangana,1061,499,29,0,19278,17,0
2020-05-03,Telangana,1082,545,29,0,19278,21,0
2020-05-04,Telangana,1085,585,29,0,19278,3,0
2020-05-05,Telangana,1096,628,29,0,19278,11,0
2020-05-06,Telangana,1107,648,29,0,19278,11,0
2020-05-07,Telangana,1122,693,29,0,19278,15,0
2020-05-08,Telangana,1132,727,29,0,19278,10,0
2020-05-09,Telangana,1163,751,30,0,19278,31,0
2020-05-10,Telangana,1196,751,30,0,19278,33,0
2020-05-11,Telangana,1275,801,30,0,19278,79,0
2020-05-12,Telangana,1326,822,32,0,19278,51,0
2020-05-13,Telangana,1367,939,34,0,19278,41,0
2020-05-14,Telangana,1414,952,34,0,19278,47,0
2020-05-15,Telangana,1454,959,34,0,19278,40,0
2020-05-16,Telangana,1509,971,34,0,23388,55,4110
2020-05-17,Telangana,1551,992,34,0,23388,42,0
2020-05-18,Telangana,1592,1002,34,0,23388,41,0
2020-05-19,Telangana,1634,1011,38,0,23388,42,0
2020-05-20,Telangana,1661,1013,40,0,23388,27,0
2020-05-21,Telangana,1699,1036,45,0,23388,38,0
2020-05-22,Telangana,1761,1043,48,0,23388,62,0
2020-05-23,Telangana,1813,1068,49,0,23388,52,0
2020-05-24,Telangana,1854,1092,53,0,23388,41,0
2020-05-25,Telangana,1920,1164,56,0,23388,66,0
2020-05-26,Telangana,2032,1284,57,0,23388,112,0
2020-05-27,Telangana,2139,1321,63,0,23388,107,0
2020-05-28,Telangana,2256,1345,67,0,23388,117,0
2020-05-29,Telangana,2425,1381,71,0,23388,169,0
2020-05-30,Telangana,2499,1412,77,0,23388,74,0
2020-05-31,Telangana,2698,1428,82,0,23388,199,0
2020-06-01,Telangana,2792,1491,88,0,23388,94,0
2020-06-02,Telangana,2891,1526,92,0,23388,99,0
2020-06-03,Telangana,3020,1556,99,0,23388,129,0
2020-06-04,Telangana,3147,1587,105,0,23388,127,0
2020-06-05,Telangana,3290,1627,113,0,23388,143,0
2020-06-06,Telangana,3496,1710,123,0,23388,206,0
2020-06-07,Telangana,3650,1742,137,0,23388,154,0
2020-06-08,Telangana,3742,1742,142,0,23388,92,0
2020-06-09,Telangana,3920,1742,148,0,23388,178,0
2020-06-10,Telangana,4111,1817,156,0,23388,191,0
2020-06-11,Telangana,4320,1993,165,0,23388,209,0
2020-06-12,Telangana,4484,2278,174,0,23388,164,0
2020-06-13,Telangana,4737,2352,182,0,23388,253,0
2020-06-14,Telangana,4974,2377,185,0,23388,237,0
2020-06-15,Telangana,5193,2766,187,0,23388,219,0
2020-06-16,Telangana,5406,3027,191,0,44431,213,21043
2020-06-17,Telangana,5675,3071,192,0,45911,269,1480
2020-06-18,Telangana,6027,3301,195,0,45911,352,0
2020-06-19,Telangana,6526,3352,198,0,50569,499,4658
2020-06-20,Telangana,7072,3506,203,0,53757,546,3188
2020-06-21,Telangana,7802,3731,210,0,57054,730,3297
2020-06-22,Telangana,8674,4005,217,0,60243,872,3189
2020-06-23,Telangana,9553,4224,220,0,63249,879,3006
2020-06-24,Telangana,10444,4361,225,0,67318,891,4069
2020-06-25,Telangana,11364,4688,230,0,70934,920,3616
2020-06-26,Telangana,12349,4766,237,0,75308,985,4374
2020-06-27,Telangana,13436,4928,243,0,79231,1087,3923
2020-06-28,Telangana,14419,5172,247,0,82458,983,3227
2020-06-29,Telangana,15394,5582,253,0,85106,975,2648
2020-06-30,Telangana,16339,7294,260,0,88563,945,3457
2020-07-01,Telangana,17357,8082,267,0,92797,1018,4234
2020-07-02,Telangana,18570,9069,275,0,98153,1213,5356
2020-07-03,Telangana,20462,10195,283,0,104118,1892,5965
2020-07-04,Telangana,22312,11537,288,0,110545,1850,6427
2020-07-05,Telangana,23902,12703,295,0,115835,1590,5290
2020-07-06,Telangana,25733,14781,306,0,122218,1831,6383
2020-07-07,Telangana,27612,16287,313,0,128438,1879,6220
2020-07-08,Telangana,29536,17279,324,0,134801,1924,6363
2020-07-09,Telangana,30946,18192,331,0,140755,1410,5954
2020-07-10,Telangana,32224,19205,339,0,151109,1278,10354
2020-07-11,Telangana,33402,20919,348,0,162171,1178,11062
2020-07-12,Telangana,34671,22482,356,0,170324,1269,8153
2020-07-13,Telangana,36221,23679,365,0,181849,1550,11525
2020-07-14,Telangana,37745,24840,375,0,195024,1524,13175
2020-07-15,Telangana,39342,25999,386,0,208666,1597,13642
2020-07-16,Telangana,41018,27295,396,0,222693,1676,14027
2020-07-17,Telangana,42496,28705,403,0,237817,1478,15124
2020-07-18,Telangana,43780,30607,409,0,252700,1284,14883
2020-07-19,Telangana,45076,32438,415,0,265219,1296,12519
2020-07-20,Telangana,46274,34323,422,0,276222,1198,11003
2020-07-21,Telangana,47704,36385,429,0,293077,1430,16855
2020-07-22,Telangana,49259,37666,438,0,308959,1555,15882
2020-07-23,Telangana,50826,39327,447,0,322326,1567,13367
2020-07-24,Telangana,50826,39327,447,0,322326,0,0
2020-03-04,Uttar Pradesh,7,0,0,0,NA,NA,NA
2020-03-05,Uttar Pradesh,8,0,0,0,NA,1,NA
2020-03-06,Uttar Pradesh,8,0,0,0,NA,0,NA
2020-03-07,Uttar Pradesh,8,0,0,0,NA,0,NA
2020-03-08,Uttar Pradesh,8,0,0,0,NA,0,NA
2020-03-09,Uttar Pradesh,10,0,0,0,NA,2,NA
2020-03-10,Uttar Pradesh,10,0,0,0,NA,0,NA
2020-03-11,Uttar Pradesh,10,0,0,0,NA,0,NA
2020-03-12,Uttar Pradesh,12,0,0,0,NA,2,NA
2020-03-13,Uttar Pradesh,13,0,0,0,NA,1,NA
2020-03-14,Uttar Pradesh,13,0,0,0,NA,0,NA
2020-03-15,Uttar Pradesh,13,0,0,0,NA,0,NA
2020-03-16,Uttar Pradesh,13,0,0,0,NA,0,NA
2020-03-17,Uttar Pradesh,15,0,0,0,NA,2,NA
2020-03-18,Uttar Pradesh,17,0,0,0,NA,2,NA
2020-03-19,Uttar Pradesh,20,0,0,0,NA,3,NA
2020-03-20,Uttar Pradesh,24,0,0,0,NA,4,NA
2020-03-21,Uttar Pradesh,28,0,0,0,NA,4,NA
2020-03-22,Uttar Pradesh,30,0,0,0,NA,2,NA
2020-03-23,Uttar Pradesh,34,0,0,0,NA,4,NA
2020-03-24,Uttar Pradesh,35,0,0,0,NA,1,NA
2020-03-25,Uttar Pradesh,38,0,0,0,NA,3,NA
2020-03-26,Uttar Pradesh,42,0,0,0,NA,4,NA
2020-03-27,Uttar Pradesh,49,0,0,0,NA,7,NA
2020-03-28,Uttar Pradesh,65,0,0,0,NA,16,NA
2020-03-29,Uttar Pradesh,72,11,0,0,NA,7,NA
2020-03-30,Uttar Pradesh,96,17,0,0,NA,24,NA
2020-03-31,Uttar Pradesh,104,17,0,0,NA,8,NA
2020-04-01,Uttar Pradesh,117,17,2,0,NA,13,NA
2020-04-02,Uttar Pradesh,128,17,2,0,NA,11,NA
2020-04-03,Uttar Pradesh,174,17,2,0,NA,46,NA
2020-04-04,Uttar Pradesh,234,21,2,0,NA,60,NA
2020-04-05,Uttar Pradesh,278,21,3,0,5255,44,NA
2020-04-06,Uttar Pradesh,305,21,3,0,5255,27,0
2020-04-07,Uttar Pradesh,332,21,3,0,5255,27,0
2020-04-08,Uttar Pradesh,361,31,4,0,5255,29,0
2020-04-09,Uttar Pradesh,410,31,4,0,8402,49,3147
2020-04-10,Uttar Pradesh,433,32,4,0,9332,23,930
2020-04-11,Uttar Pradesh,452,45,5,0,10595,19,1263
2020-04-12,Uttar Pradesh,483,45,5,0,11855,31,1260
2020-04-13,Uttar Pradesh,558,49,5,0,13287,75,1432
2020-04-14,Uttar Pradesh,660,50,8,0,15914,102,2627
2020-04-15,Uttar Pradesh,735,57,11,0,19506,75,3592
2020-04-16,Uttar Pradesh,805,68,13,0,21384,70,1878
2020-04-17,Uttar Pradesh,849,82,14,0,24643,44,3259
2020-04-18,Uttar Pradesh,975,108,14,0,28484,126,3841
2020-04-19,Uttar Pradesh,1100,127,17,0,31767,125,3283
2020-04-20,Uttar Pradesh,1184,140,18,0,34326,84,2559
2020-04-21,Uttar Pradesh,1337,162,21,0,37933,153,3607
2020-04-22,Uttar Pradesh,1449,173,21,0,42192,112,4259
2020-04-23,Uttar Pradesh,1510,206,24,0,45483,61,3291
2020-04-24,Uttar Pradesh,1621,226,25,0,53166,111,7683
2020-04-25,Uttar Pradesh,1793,261,27,0,56851,172,3685
2020-04-26,Uttar Pradesh,1873,327,30,0,61799,80,4948
2020-04-27,Uttar Pradesh,1986,399,31,0,67145,113,5346
2020-04-28,Uttar Pradesh,2053,462,34,0,70307,67,3162
2020-04-29,Uttar Pradesh,2134,510,39,0,73716,81,3409
2020-04-30,Uttar Pradesh,2211,551,40,0,78013,77,4297
2020-05-01,Uttar Pradesh,2328,654,42,0,82459,117,4446
2020-05-02,Uttar Pradesh,2487,698,43,0,85729,159,3270
2020-05-03,Uttar Pradesh,2645,754,43,0,95841,158,10112
2020-05-04,Uttar Pradesh,2766,802,50,0,98300,121,2459
2020-05-05,Uttar Pradesh,2880,987,56,0,105234,114,6934
2020-05-06,Uttar Pradesh,2998,1130,60,0,109888,118,4654
2020-05-07,Uttar Pradesh,3071,1250,62,0,113670,73,3782
2020-05-08,Uttar Pradesh,3214,1387,66,0,119688,143,6018
2020-05-09,Uttar Pradesh,3373,1499,74,0,124791,159,5103
2020-05-10,Uttar Pradesh,3467,1653,79,0,129955,94,5164
2020-05-11,Uttar Pradesh,3573,1758,80,0,135760,106,5805
2020-05-12,Uttar Pradesh,3664,1873,82,0,140166,91,4406
2020-05-13,Uttar Pradesh,3758,1965,86,0,145637,94,5471
2020-05-14,Uttar Pradesh,3902,2072,88,0,153139,144,7502
2020-05-15,Uttar Pradesh,4057,2165,95,0,159282,155,6143
2020-05-16,Uttar Pradesh,4258,2441,104,0,163105,201,3823
2020-05-17,Uttar Pradesh,4464,2636,112,0,172219,206,9114
2020-05-18,Uttar Pradesh,4605,2783,118,0,176479,141,4260
2020-05-19,Uttar Pradesh,4926,2918,123,0,182184,321,5705
2020-05-20,Uttar Pradesh,5175,3066,127,0,191164,249,8980
2020-05-21,Uttar Pradesh,5515,3204,138,0,206811,340,15647
2020-05-22,Uttar Pradesh,5735,3324,152,0,214060,220,7249
2020-05-23,Uttar Pradesh,6017,3406,155,0,217867,282,3807
2020-05-24,Uttar Pradesh,6268,3538,161,0,229621,251,11754
2020-05-25,Uttar Pradesh,6497,3660,169,0,235622,229,6001
2020-05-26,Uttar Pradesh,6724,3824,177,0,240588,227,4966
2020-05-27,Uttar Pradesh,6991,3991,182,0,240588,267,0
2020-05-28,Uttar Pradesh,7170,4215,197,0,256267,179,15679
2020-05-29,Uttar Pradesh,7445,4410,201,0,270920,275,14653
2020-05-30,Uttar Pradesh,7701,4651,213,0,279288,256,8368
2020-05-31,Uttar Pradesh,8075,4843,217,0,289892,374,10604
2020-06-01,Uttar Pradesh,8361,5030,222,0,297903,286,8011
2020-06-02,Uttar Pradesh,8729,5176,229,0,307621,368,9718
2020-06-03,Uttar Pradesh,8870,5257,230,0,317780,141,10159
2020-06-04,Uttar Pradesh,9237,5439,245,0,330663,367,12883
2020-06-05,Uttar Pradesh,9733,5648,257,0,344717,496,14054
2020-06-06,Uttar Pradesh,10103,5908,268,0,355085,370,10368
2020-06-07,Uttar Pradesh,10536,6185,275,0,360258,433,5173
2020-06-08,Uttar Pradesh,10947,6344,283,0,380723,411,20465
2020-06-09,Uttar Pradesh,11335,6669,301,0,391286,388,10563
2020-06-10,Uttar Pradesh,11610,6971,321,0,404637,275,13351
2020-06-11,Uttar Pradesh,12088,7292,345,0,420669,478,16032
2020-06-12,Uttar Pradesh,12616,7609,365,0,435601,528,14932
2020-06-13,Uttar Pradesh,13118,7875,385,0,449616,502,14015
2020-06-14,Uttar Pradesh,13615,8268,399,0,467702,497,18086
2020-06-15,Uttar Pradesh,14091,8610,417,0,466081,476,-1621
2020-06-16,Uttar Pradesh,14598,8904,435,0,480047,507,13966
2020-06-17,Uttar Pradesh,15181,9239,465,0,496206,583,16159
2020-06-18,Uttar Pradesh,15785,9638,488,0,515280,604,19074
2020-06-19,Uttar Pradesh,16594,9995,507,0,532505,809,17225
2020-06-20,Uttar Pradesh,17135,10369,529,0,542972,541,10467
2020-06-21,Uttar Pradesh,17731,10995,550,0,560697,596,17725
2020-06-22,Uttar Pradesh,18322,11601,569,0,574304,591,13607
2020-06-23,Uttar Pradesh,18893,12116,588,0,588186,571,13882
2020-06-24,Uttar Pradesh,19557,12586,596,0,603390,664,15204
2020-06-25,Uttar Pradesh,20193,13119,611,0,620954,636,17564
2020-06-26,Uttar Pradesh,20943,13583,630,0,642833,750,21879
2020-06-27,Uttar Pradesh,21549,14215,649,0,663096,606,20263
2020-06-28,Uttar Pradesh,22147,14808,660,0,684296,598,21200
2020-06-29,Uttar Pradesh,22828,15506,672,0,707839,681,23543
2020-06-30,Uttar Pradesh,23492,16084,697,0,727793,664,19954
2020-07-01,Uttar Pradesh,24056,16629,718,0,758915,564,31122
2020-07-02,Uttar Pradesh,24825,17221,735,0,781584,769,22669
2020-07-03,Uttar Pradesh,25797,17597,749,0,810991,972,29407
2020-07-04,Uttar Pradesh,26554,18154,773,0,834991,757,24000
2020-07-05,Uttar Pradesh,27707,18761,785,0,887997,1153,53006
2020-07-06,Uttar Pradesh,28636,19109,809,0,917114,929,29117
2020-07-07,Uttar Pradesh,29968,19627,827,0,947453,1332,30339
2020-07-08,Uttar Pradesh,31156,20331,845,0,1003280,1188,55827
2020-07-09,Uttar Pradesh,32362,21127,862,0,1036106,1206,32826
2020-07-10,Uttar Pradesh,33700,21787,889,0,1074112,1338,38006
2020-07-11,Uttar Pradesh,35092,22689,913,0,1116466,1392,42354
2020-07-12,Uttar Pradesh,36476,23334,934,0,1156089,1384,39623
2020-07-13,Uttar Pradesh,38130,24203,955,0,1192089,1654,36000
2020-07-14,Uttar Pradesh,39724,24981,983,0,1231939,1594,39850
2020-07-15,Uttar Pradesh,41383,25743,1012,0,1277241,1659,45302
2020-07-16,Uttar Pradesh,43441,26675,1046,0,1325327,2058,48086
2020-07-17,Uttar Pradesh,45163,27634,1084,0,1379534,1722,54207
2020-07-18,Uttar Pradesh,47036,28664,1108,0,1426303,1873,46769
2020-07-19,Uttar Pradesh,49247,29845,1146,0,1470426,2211,44123
2020-07-20,Uttar Pradesh,51160,30831,1192,0,1513827,1913,43401
2020-07-21,Uttar Pradesh,53288,31855,1229,0,1554116,2128,40289
2020-07-22,Uttar Pradesh,55588,33500,1263,0,1600000,2300,45884
2020-07-23,Uttar Pradesh,58104,35803,1298,0,1654651,2516,54651
2020-07-24,Uttar Pradesh,58104,35803,1298,0,1654651,0,0
2020-03-17,West Bengal,1,0,0,0,NA,NA,NA
2020-03-18,West Bengal,1,0,0,0,NA,0,NA
2020-03-19,West Bengal,1,0,0,0,NA,0,NA
2020-03-20,West Bengal,2,0,0,0,NA,1,NA
2020-03-21,West Bengal,4,0,0,0,NA,2,NA
2020-03-22,West Bengal,7,0,0,0,NA,3,NA
2020-03-23,West Bengal,7,0,0,0,NA,0,NA
2020-03-24,West Bengal,9,0,0,0,NA,2,NA
2020-03-25,West Bengal,9,0,0,0,NA,0,NA
2020-03-26,West Bengal,10,0,0,0,NA,1,NA
2020-03-27,West Bengal,15,0,0,0,NA,5,NA
2020-03-28,West Bengal,18,0,0,0,NA,3,NA
2020-03-29,West Bengal,21,0,1,0,NA,3,NA
2020-03-30,West Bengal,22,0,2,0,NA,1,NA
2020-03-31,West Bengal,37,3,3,0,NA,15,NA
2020-04-01,West Bengal,37,3,3,0,659,0,NA
2020-04-02,West Bengal,53,3,3,0,659,16,0
2020-04-03,West Bengal,53,3,3,0,659,0,0
2020-04-04,West Bengal,53,3,3,0,1042,0,383
2020-04-05,West Bengal,80,10,3,0,1042,27,0
2020-04-06,West Bengal,80,10,3,0,1301,0,259
2020-04-07,West Bengal,91,13,3,0,1487,11,186
2020-04-08,West Bengal,99,13,5,0,1487,8,0
2020-04-09,West Bengal,103,16,5,0,1889,4,402
2020-04-10,West Bengal,116,16,5,0,2095,13,206
2020-04-11,West Bengal,126,16,5,0,2286,10,191
2020-04-12,West Bengal,134,19,7,0,2523,8,237
2020-04-13,West Bengal,152,29,7,0,2793,18,270
2020-04-14,West Bengal,190,36,7,0,3081,38,288
2020-04-15,West Bengal,213,37,7,0,3470,23,389
2020-04-16,West Bengal,231,42,10,0,3811,18,341
2020-04-17,West Bengal,255,51,10,0,4212,24,401
2020-04-18,West Bengal,287,55,12,0,4630,32,418
2020-04-19,West Bengal,310,62,12,0,5045,23,415
2020-04-20,West Bengal,339,66,12,0,5469,29,424
2020-04-21,West Bengal,392,73,15,0,6182,53,713
2020-04-22,West Bengal,423,73,15,0,7037,31,855
2020-04-23,West Bengal,456,79,15,0,7990,33,953
2020-04-24,West Bengal,514,103,18,0,8933,58,943
2020-04-25,West Bengal,571,103,18,0,9880,57,947
2020-04-26,West Bengal,611,105,20,0,10893,40,1013
2020-04-27,West Bengal,649,105,20,0,12043,38,1150
2020-04-28,West Bengal,697,109,22,0,13223,48,1180
2020-04-29,West Bengal,725,119,22,0,14620,28,1397
2020-04-30,West Bengal,758,124,33,0,16525,33,1905
2020-05-01,West Bengal,795,139,41,0,18566,37,2041
2020-05-02,West Bengal,922,151,48,0,20976,127,2410
2020-05-03,West Bengal,1198,132,122,0,22915,276,1939
2020-05-04,West Bengal,1259,218,133,0,25116,61,2201
2020-05-05,West Bengal,1344,264,140,0,27571,85,2455
2020-05-06,West Bengal,1456,265,144,0,30141,112,2570
2020-05-07,West Bengal,1548,296,151,0,32752,92,2611
2020-05-08,West Bengal,1678,323,160,0,35767,130,3015
2020-05-09,West Bengal,1786,372,171,0,39368,108,3601
2020-05-10,West Bengal,1939,417,185,0,43414,153,4046
2020-05-11,West Bengal,2063,499,190,0,47615,124,4201
2020-05-12,West Bengal,2173,612,198,0,52622,110,5007
2020-05-13,West Bengal,2290,702,207,0,57632,117,5010
2020-05-14,West Bengal,2377,768,215,0,62837,87,5205
2020-05-15,West Bengal,2461,829,225,0,69543,84,6706
2020-05-16,West Bengal,2576,892,232,0,77288,115,7745
2020-05-17,West Bengal,2677,959,238,0,85956,101,8668
2020-05-18,West Bengal,2824,1006,244,0,93570,147,7614
2020-05-19,West Bengal,2961,1074,250,0,102282,137,8712
2020-05-20,West Bengal,3103,1136,253,0,111002,142,8720
2020-05-21,West Bengal,3197,1193,259,0,115244,94,4242
2020-05-22,West Bengal,3332,1221,265,0,120599,135,5355
2020-05-23,West Bengal,3459,1281,269,0,129608,127,9009
2020-05-24,West Bengal,3667,1339,272,0,138824,208,9216
2020-05-25,West Bengal,3816,1414,278,0,148049,149,9225
2020-05-26,West Bengal,4009,1486,283,0,157277,193,9228
2020-05-27,West Bengal,4192,1578,289,0,166513,183,9236
2020-05-28,West Bengal,4536,1668,295,0,175769,344,9256
2020-05-29,West Bengal,4813,1775,302,0,185051,277,9282
2020-05-30,West Bengal,5130,1970,309,0,194397,317,9346
2020-05-31,West Bengal,5501,2157,317,0,203751,371,9354
2020-06-01,West Bengal,5772,2306,325,0,213231,271,9480
2020-06-02,West Bengal,6168,2410,335,0,222726,396,9495
2020-06-03,West Bengal,6508,2580,345,0,232225,340,9499
2020-06-04,West Bengal,6876,2768,355,0,241831,368,9606
2020-06-05,West Bengal,7303,2912,366,0,251517,427,9686
2020-06-06,West Bengal,7738,3119,383,0,261288,435,9771
2020-06-07,West Bengal,8187,3303,396,0,271074,449,9786
2020-06-08,West Bengal,8613,3465,405,0,280098,426,9024
2020-06-09,West Bengal,8985,3620,415,0,287900,372,7802
2020-06-10,West Bengal,9328,3779,432,0,297419,343,9519
2020-06-11,West Bengal,9768,3988,442,0,306941,440,9522
2020-06-12,West Bengal,10244,4206,451,0,315699,476,8758
2020-06-13,West Bengal,10698,4542,463,0,324707,454,9008
2020-06-14,West Bengal,11087,5060,475,0,333733,389,9026
2020-06-15,West Bengal,11494,5494,485,0,343242,407,9509
2020-06-16,West Bengal,11909,6028,495,0,351754,415,8512
2020-06-17,West Bengal,12300,6533,506,0,360976,391,9222
2020-06-18,West Bengal,12735,7001,518,0,370291,435,9315
2020-06-19,West Bengal,13090,7303,529,0,380612,355,10321
2020-06-20,West Bengal,13531,7865,540,0,390942,441,10330
2020-06-21,West Bengal,13945,8297,555,0,401491,414,10549
2020-06-22,West Bengal,14358,8687,569,0,410854,413,9363
2020-06-23,West Bengal,14728,9218,580,0,420277,370,9423
2020-06-24,West Bengal,15173,9702,591,0,429766,445,9489
2020-06-25,West Bengal,15648,10190,606,0,439258,475,9492
2020-06-26,West Bengal,16190,10535,616,0,448795,542,9537
2020-06-27,West Bengal,16711,10789,629,0,458343,521,9548
2020-06-28,West Bengal,17283,11193,639,0,468906,572,10563
2020-06-29,West Bengal,17907,11719,653,0,478419,624,9513
2020-06-30,West Bengal,18559,12130,668,0,488038,652,9619
2020-07-01,West Bengal,19170,12528,683,0,497596,611,9558
2020-07-02,West Bengal,19819,13037,699,0,508001,649,10405
2020-07-03,West Bengal,20488,13571,717,0,519054,669,11053
2020-07-04,West Bengal,21231,14166,736,0,530072,743,11018
2020-07-05,West Bengal,22126,14711,757,0,541088,895,11016
2020-07-06,West Bengal,22987,15235,779,0,552007,861,10919
2020-07-07,West Bengal,23837,15790,804,0,562137,850,10130
2020-07-08,West Bengal,24823,16291,827,0,572523,986,10386
2020-07-09,West Bengal,25911,16826,854,0,583328,1088,10805
2020-07-10,West Bengal,27109,17348,880,0,593967,1198,10639
2020-07-11,West Bengal,28453,17959,906,0,605370,1344,11403
2020-07-12,West Bengal,30013,18581,932,0,617079,1560,11709
2020-07-13,West Bengal,31448,19213,956,0,627438,1435,10359
2020-07-14,West Bengal,32838,19931,980,0,638540,1390,11102
2020-07-15,West Bengal,34427,20680,1000,0,649928,1589,11388
2020-07-16,West Bengal,36117,21415,1023,0,663108,1690,13180
2020-07-17,West Bengal,38011,22253,1049,0,676348,1894,13240
2020-07-18,West Bengal,40209,23539,1076,0,689813,2198,13465
2020-07-19,West Bengal,42487,24883,1112,0,703284,2278,13471
2020-07-20,West Bengal,44769,26418,1147,0,716365,2282,13081
2020-07-21,West Bengal,47030,28035,1182,0,729429,2261,13064
2020-07-22,West Bengal,49321,29650,1221,0,743469,2291,14040
2020-07-23,West Bengal,51757,31656,1255,0,758027,2436,14558
2020-07-24,West Bengal,51757,31656,1255,0,758027,0,0
